[
  { "id": 1,
    "test": "read_tomcat",
    "aggregated # reqs": 397,
    "aggregated req/s": 13.33,
    "request distribution": [
      {"name": "GET /editor/post?action=open", "98%": 12}
    ]
  },
  { "id": 2,
    "test": "write_tomcat",
    "aggregated # reqs": 381,
    "aggregated req/s": 12.84,
    "request distribution": [
      {"name": "POST /editor/post?action=save", "98%": 36}
    ]
  },
  { "id": 4,
    "test": "read_node",
    "aggregated # reqs": 388,
    "aggregated req/s": 13.02,
    "request distribution": [
      {"name": "GET /blog/cs144", "98%": 17}
    ]
  },
  { "id": 5,
    "test": "write_node",
    "aggregated # reqs": 389,
    "aggregated req/s": 13.03,
    "request distribution": [
      {"name": "POST /api/cs144", "98%": 29}
    ]
  }
]
